"2025-12-09","PAYPAL           MSP","3",,"42305.75"
"2025-12-09","PAYPAL           MSP","15.74",,"42290.01"
"2025-12-09","PAYPAL           MSP","21.04",,"42268.97"
"2025-12-09","PAYPAL           MSP","49.32",,"42219.65"
"2025-12-09","PAYPAL           MSP","96.59",,"42123.06"
"2025-12-11","STRIPE           MSP",,"4.36","42127.42"
"2025-12-11","PTS TO:  80746337033","50",,"42077.42"
"2025-12-15","PAYPAL           MSP","45.22",,"42032.2"
"2025-12-16","PAYPAL           MSP","24.78",,"42007.42"
"2025-12-16","PAYPAL           MSP","30.16",,"41977.26"
"2025-12-16","PAYPAL           MSP","34.35",,"41942.91"
"2025-12-17","PAYPAL           MSP","14.16",,"41928.75"
"2025-12-22","Google LLC       MSP",,"522.32","42451.07"
"2025-12-22","PAYPAL           MSP","3",,"42448.07"
"2025-12-22","PAYPAL           MSP","42.11",,"42405.96"
"2025-12-23","PAYPAL           MSP","9.95",,"42396.01"
"2025-12-23","PAYPAL           MSP","13.64",,"42382.37"
"2025-12-24","PAYPAL           MSP","36.74",,"42345.63"
"2025-12-29","NETFLIX.COM       _V","19.94",,"42325.69"
"2025-12-29","Amazon.ca         _V","9.79",,"42315.9"
"2025-12-29","Amazon.ca         _V","14.44",,"42301.46"
"2025-12-29","Amazon.ca Prime   _V","10.49",,"42290.97"
"2025-12-29","PTS TO:  80746337033","50",,"42240.97"
"2025-12-30","SSV TO:  80746337033","2",,"42238.97"
"2025-12-30","PAYPAL           MSP","6.29",,"42232.68"
"2025-12-30","PAYPAL           MSP","10.49",,"42222.19"
"2025-12-31","PTS TO:  80746337033","10",,"42212.19"
"2025-12-31","PAYPAL           MSP","13.64",,"42198.55"
"2025-12-31","MONTHLY ACCOUNT FEE","17.95",,"42180.6"
"2025-12-31","ACCT BAL REBATE",,"17.95","42198.55"
"2024-11-01","CAMERASTORE      AP",,"1500","25247.88"
"2024-11-05","Veem Payment     MSP",,"9470.47","34718.35"
"2024-11-06","PAYPAL           MSP","76.21",,"34642.14"
"2024-11-07","FREEDOM MOBILE    _V","88.15",,"34553.99"
"2024-11-07","PAYPAL           MSP","46.18",,"34507.81"
"2024-11-07","PAYPAL           MSP","82.94",,"34424.87"
"2024-11-08","SSV TO:  80746337033","0.5",,"34424.37"
"2024-11-08","PAYPAL           MSP","13.64",,"34410.73"
"2024-11-12","AMZN Mktp CA      _V","12.6",,"34398.13"
"2024-11-12","AMZN Mktp CA      _V","62.99",,"34335.14"
"2024-11-12","HOMEY FOOD AND","165.89",,"34169.25"
"2024-11-13","SSV TO:  80746337033","1.5",,"34167.75"
"2024-11-13","PAYPAL           MSP","164.34",,"34003.41"
"2024-11-14","AMZN Mktp CA      _V","25.73",,"33977.68"
"2024-11-14","PTS TO:  80746337033","50",,"33927.68"
"2024-11-14","SEND E-TFR ***hbM","3000",,"30927.68"
"2024-11-14","PAYPAL           MSP","124.32",,"30803.36"
"2024-11-15","AMZN Mktp CA      _V","28.28",,"30775.08"
"2024-11-15","STRIPE           MSP",,"4.36","30779.44"
"2024-11-15","SSV TO:  80746337033","0.5",,"30778.94"
"2024-11-15","Veem Payment     MSP",,"8185.62","38964.56"
"2024-11-18","SSV TO:  80746337033","0.5",,"38964.06"
"2024-11-18","PAYPAL           MSP","33.76",,"38930.3"
"2024-11-19","PAYPAL           MSP","14.16",,"38916.14"
"2024-11-19","PAYPAL           MSP","30.85",,"38885.29"
"2024-11-21","AMZN Mktp CA      _V","53.57",,"38831.72"
"2024-11-21","PAYPAL           MSP","9.95",,"38821.77"
"2024-11-21","PAYPAL           MSP","11.34",,"38810.43"
"2024-11-22","Google LLC       MSP",,"1052.23","39862.66"
"2024-11-22","SSV TO:  80746337033","0.5",,"39862.16"
"2024-11-25","NETFLIX.COM       _V","17.31",,"39844.85"
"2024-11-26","SSV TO:  80746337033","0.5",,"39844.35"
"2024-11-26","WT554 TFR-TO C/C","2286.49",,"37557.86"
"2024-11-26","PAYPAL           MSP","47.24",,"37510.62"
"2024-11-27","Amazon.ca         _V","83.99",,"37426.63"
"2024-11-28","PTS TO:  80746337033","50",,"37376.63"
"2024-11-28","SSV TO:  80746337033","0.5",,"37376.13"
"2024-11-29","Amazon.ca Prime   _V","10.49",,"37365.64"
"2024-11-29","SEND E-TFR ***wRM","3000",,"34365.64"
"2024-11-29","PTS TO:  80746337033","10",,"34355.64"
"2024-11-29","PAYPAL           MSP","6.29",,"34349.35"
"2024-11-29","MONTHLY ACCOUNT FEE","16.95",,"34332.4"
"2024-11-29","ACCT BAL REBATE",,"16.95","34349.35"
"2024-12-02","Amazon.ca         _V","26.23",,"34323.12"
"2024-12-02","SSV TO:  80746337033","0.5",,"34322.62"
"2024-12-02","PAYPAL           MSP","10.49",,"34312.13"
"2024-12-03","STRIPE           MSP",,"4.36","34316.49"
"2024-12-03","SSV TO:  80746337033","0.5",,"34315.99"
"2024-12-03","PAYPAL           MSP","13.64",,"34302.35"
"2024-12-03","PAYPAL           MSP","218.95",,"34083.4"
"2024-12-03","PAYPAL           MSP","292.69",,"33790.71"
"2024-12-05","Amazon.ca         _V","8.99",,"33781.72"
"2024-12-05","Amazon.ca         _V","107.33",,"33674.39"
"2024-12-06","SSV TO:  80746337033","1",,"33673.39"
"2024-12-06","Amazon.ca         _V","156.47",,"33516.92"
"2024-12-06","Veem Payment     MSP",,"7610.98","41127.9"
"2024-12-06","PAYPAL           MSP","34.1",,"41093.8"
"2024-12-09","Amazon.ca         _V","104.2",,"40989.6"
"2024-12-09","FREEDOM MOBILE    _V","88.15",,"40901.45"
"2024-12-09","E-TRANSFER ***hZE",,"35","40936.45"
"2024-12-09","E-TRANSFER ***5D8",,"50","40986.45"
"2024-12-09","SSV TO:  80746337033","0.5",,"40985.95"
"2024-12-09","SEND E-TFR ***ysJ","2812",,"38173.95"
"2024-12-09","RX020 TFR-TO C/C","975.23",,"37198.72"
"2024-12-09","PAYPAL           MSP","82.94",,"37115.78"
"2024-12-10","SSV TO:  80746337033","1",,"37114.78"
"2024-12-10","AMZN Mktp CA      _V","24.14",,"37090.64"
"2024-12-10","PAYPAL           MSP","13.64",,"37077"
"2024-12-11","SSV TO:  80746337033","0.5",,"37076.5"
"2024-12-12","PTS TO:  80746337033","50",,"37026.5"
"2024-12-12","PAYPAL           MSP",,"29.92","37056.42"
"2024-12-12","PAYPAL           MSP","31.1",,"37025.32"
"2024-12-12","PAYPAL           MSP","33.58",,"36991.74"
"2024-12-13","AMZN Mktp CA      _V","26.24",,"36965.5"
"2024-12-13","FEDEX YYCA        _F","17.16",,"36948.34"
"2024-12-13","PAYPAL           MSP","46.27",,"36902.07"
"2024-12-16","SSV TO:  80746337033","1",,"36901.07"
"2024-12-16","HW-FastSpring P  CMS",,"1425.85","38326.92"
"2024-12-16","PAYPAL           MSP","38.82",,"38288.1"
"2024-12-17","PAYPAL           MSP","14.16",,"38273.94"
"2024-12-17","PAYPAL           MSP","30.99",,"38242.95"
"2024-12-17","PAYPAL           MSP","31.15",,"38211.8"
"2024-12-17","PAYPAL           MSP","34.19",,"38177.61"
"2024-12-19","AMZN Mktp CA      _V","19.97",,"38157.64"
"2024-12-19","E-TRANSFER ***6NW",,"700","38857.64"
"2024-12-19","IU012 TFR-TO C/C","1590.44",,"37267.2"
"2024-12-20","SSV TO:  80746337033","0.5",,"37266.7"
"2024-12-23","Google LLC       MSP",,"1090.89","38357.59"
"2024-12-23","PAYPAL           MSP","2.61",,"38354.98"
"2024-12-23","PAYPAL           MSP","13.94",,"38341.04"
"2024-12-27","NETFLIX.COM       _V","17.31",,"38323.73"
"2024-12-27","PTS TO:  80746337033","50",,"38273.73"
"2024-12-27","STRIPE           MSP",,"4.36","38278.09"
"2024-12-27","SEND E-TFR ***5pC","265",,"38013.09"
"2024-12-27","Veem Payment     MSP",,"719","38732.09"
"2024-12-30","Amazon.ca Prime   _V","10.49",,"38721.6"
"2024-12-30","SSV TO:  80746337033","0.5",,"38721.1"
"2024-12-31","PTS TO:  80746337033","10",,"38711.1"
"2024-12-31","SSV TO:  80746337033","0.5",,"38710.6"
"2024-12-31","RADIANCE SYNERG  MSP",,"10092.25","48802.85"
"2024-12-31","PAYPAL           MSP","6.29",,"48796.56"
"2024-12-31","PAYPAL           MSP","10.49",,"48786.07"
"2024-12-31","PAYPAL           MSP","13.64",,"48772.43"
"2024-12-31","MONTHLY ACCOUNT FEE","16.95",,"48755.48"
"2024-12-31","ACCT BAL REBATE",,"16.95","48772.43"
"2025-01-06","PAYPAL           MSP","54.39",,"48718.04"
"2025-01-07","FREEDOM MOBILE    _V","88.15",,"48629.89"
"2025-01-07","AMZN Mktp CA      _V","35.69",,"48594.2"
"2025-01-07","PAYPAL           MSP","23.61",,"48570.59"
"2025-01-07","PAYPAL           MSP","60.34",,"48510.25"
"2025-01-07","PAYPAL           MSP","82.94",,"48427.31"
"2025-01-08","SSV TO:  80746337033","1",,"48426.31"
"2025-01-08","PAYPAL           MSP","13.64",,"48412.67"
"2025-01-09","PTS TO:  80746337033","50",,"48362.67"
"2025-01-13","UL134 TFR-TO C/C","1555.42",,"46807.25"
"2025-01-14","PAYPAL           MSP","49.86",,"46757.39"
"2025-01-15","PAYPAL           MSP","39.36",,"46718.03"
"2025-01-16","PAYPAL           MSP","32.94",,"46685.09"
"2025-01-17","PAYPAL           MSP","14.16",,"46670.93"
"2025-01-17","PAYPAL           MSP","31.42",,"46639.51"
"2025-01-20","PAYPAL           MSP","34.8",,"46604.71"
"2025-01-20","PAYPAL           MSP","67.19",,"46537.52"
"2025-01-21","WPS-0121S02570",,"3593.03","50130.55"
"2025-01-21","PAYPAL           MSP","9.95",,"50120.6"
"2025-01-22","Google LLC       MSP",,"744.8","50865.4"
"2025-01-23","PTS TO:  80746337033","50",,"50815.4"
"2025-01-27","NETFLIX.COM       _V","17.31",,"50798.09"
"2025-01-27","RR145 TFR-TO C/C","1121.75",,"49676.34"
"2025-01-27","PAYPAL           MSP",,"23.61","49699.95"
"2025-01-28","SSV TO:  80746337033","0.5",,"49699.45"
"2025-01-28","PAYPAL           MSP","22.56",,"49676.89"
"2025-01-28","PAYPAL           MSP","60.36",,"49616.53"
"2025-01-28","PAYPAL           MSP","62.46",,"49554.07"
"2025-01-29","Amazon.ca Prime   _V","10.49",,"49543.58"
"2025-01-29","PAYPAL           MSP","6.29",,"49537.29"
"2025-01-29","PAYPAL           MSP","118.11",,"49419.18"
"2025-01-30","SSV TO:  80746337033","0.5",,"49418.68"
"2025-01-30","PAYPAL           MSP","10.49",,"49408.19"
"2025-01-30","PAYPAL           MSP","73.63",,"49334.56"
"2025-01-31","PTS TO:  80746337033","10",,"49324.56"
"2025-01-31","PAYPAL           MSP","13.64",,"49310.92"
"2025-01-31","MONTHLY ACCOUNT FEE","16.95",,"49293.97"
"2025-01-31","ACCT BAL REBATE",,"16.95","49310.92"
"2025-02-03","Amazon.ca         _V","9.99",,"49300.93"
"2025-02-03","PAYPAL           MSP","106.5",,"49194.43"
"2025-02-04","SSV TO:  80746337033","0.5",,"49193.93"
"2025-02-05","AMZN Mktp CA      _V","62.99",,"49130.94"
"2025-02-05","PAYPAL           MSP","65.61",,"49065.33"
"2025-02-06","PTS TO:  80746337033","50",,"49015.33"
"2025-02-06","SSV TO:  80746337033","0.5",,"49014.83"
"2025-02-07","FREEDOM MOBILE    _V","88.15",,"48926.68"
"2025-02-07","PAYPAL           MSP","60.34",,"48866.34"
"2025-02-07","PAYPAL           MSP","82.94",,"48783.4"
"2025-02-10","AMZN Mktp CA      _V","14.99",,"48768.41"
"2025-02-10","AMZN Mktp CA      _V","13.13",,"48755.28"
"2025-02-10","SSV TO:  80746337033","0.5",,"48754.78"
"2025-02-10","PAYPAL           MSP","13.64",,"48741.14"
"2025-02-11","AMZN Mktp CA      _V","20.99",,"48720.15"
"2025-02-11","SSV TO:  80746337033","1",,"48719.15"
"2025-02-11","PAYPAL           MSP","34.11",,"48685.04"
"2025-02-12","SSV TO:  80746337033","0.5",,"48684.54"
"2025-02-13","AMZN Mktp CA      _V","51.93",,"48632.61"
"2025-02-14","SSV TO:  80746337033","0.5",,"48632.11"
"2025-02-18","PAYPAL           MSP","14.16",,"48617.95"
"2025-02-18","PAYPAL           MSP","17.38",,"48600.57"
"2025-02-18","PAYPAL           MSP","27.43",,"48573.14"
"2025-02-18","PAYPAL           MSP","34.11",,"48539.03"
"2025-02-18","PAYPAL           MSP","47.26",,"48491.77"
"2025-02-20","PTS TO:  80746337033","50",,"48441.77"
"2025-02-21","JT203 TFR-TO 6337033","1054.03",,"47387.74"
"2025-02-21","SEND E-TFR ***kaj","150",,"47237.74"
"2025-02-21","E-TRANSFER ***eDP",,"150","47387.74"
"2025-02-24","Google LLC       MSP",,"811.66","48199.4"
"2025-02-24","PAYPAL           MSP","34.11",,"48165.29"
"2025-02-25","Amazon.ca         _V","14.46",,"48150.83"
"2025-02-25","Amazon.ca         _V","18.38",,"48132.45"
"2025-02-25","NETFLIX.COM       _V","19.94",,"48112.51"
"2025-02-25","CRA2025INST  Y5A9K7","6016",,"42096.51"
"2025-02-25","PAYPAL           MSP","74.19",,"42022.32"
"2025-02-26","SSV TO:  80746337033","1.5",,"42020.82"
"2025-02-27","AMZN Mktp CA      _V","18.88",,"42001.94"
"2025-02-27","AMZN Mktp CA      _V","8.39",,"41993.55"
"2025-02-27","AMZN Mktp CA      _V","21.26",,"41972.29"
"2025-02-28","Amazon.ca Prime   _V","10.49",,"41961.8"
"2025-02-28","PTS TO:  80746337033","10",,"41951.8"
"2025-02-28","SSV TO:  80746337033","1.5",,"41950.3"
"2025-02-28","MONTHLY ACCOUNT FEE","16.95",,"41933.35"
"2025-02-28","ACCT BAL REBATE",,"16.95","41950.3"
"2025-03-03","E-TRANSFER ***9sC",,"60","42010.3"
"2025-03-03","SSV TO:  80746337033","0.5",,"42009.8"
"2025-03-03","PAYPAL           MSP","6.29",,"42003.51"
"2025-03-03","PAYPAL           MSP","10.49",,"41993.02"
"2025-03-03","PAYPAL           MSP","13.64",,"41979.38"
"2025-03-03","PAYPAL           MSP","155.9",,"41823.48"
"2025-03-04","Amazon.ca         _V","24.65",,"41798.83"
"2025-03-05","SSV TO:  80746337033","0.5",,"41798.33"
"2025-03-06","PTS TO:  80746337033","50",,"41748.33"
"2025-03-07","PAYPAL           MSP","46.18",,"41702.15"
"2025-03-07","PAYPAL           MSP","82.94",,"41619.21"
"2025-03-10","E-TRANSFER ***5RR",,"70","41689.21"
"2025-03-10","TO:TD C/C 9225","10",,"41679.21"
"2025-03-10","FREEDOM MOBILE    _V","88.15",,"41591.06"
"2025-03-10","PAYPAL           MSP","13.64",,"41577.42"
"2025-03-11","SSV TO:  80746337033","0.5",,"41576.92"
"2025-03-11","Amazon.ca         _V","37.75",,"41539.17"
"2025-03-11","PAYPAL           MSP","32.01",,"41507.16"
"2025-03-11","PAYPAL           MSP","74.31",,"41432.85"
"2025-03-12","SSV TO:  80746337033","0.5",,"41432.35"
"2025-03-13","SEND E-TFR ***aSx","3000",,"38432.35"
"2025-03-17","PAYPAL           MSP","267.75",,"38164.6"
"2025-03-18","AMZN Mktp CA      _V","20.98",,"38143.62"
"2025-03-18","SEND E-TFR ***yCe","3000",,"35143.62"
"2025-03-18","PAYPAL           MSP","14.16",,"35129.46"
"2025-03-18","PAYPAL           MSP","27.02",,"35102.44"
"2025-03-18","PAYPAL           MSP","33.03",,"35069.41"
"2025-03-19","SSV TO:  80746337033","0.5",,"35068.91"
"2025-03-20","PTS TO:  80746337033","50",,"35018.91"
"2025-03-20","SEND E-TFR ***vrG","200",,"34818.91"
"2025-03-20","PAYPAL           MSP","9.95",,"34808.96"
"2025-03-21","PAYPAL           MSP","13.64",,"34795.32"
"2025-03-24","Google LLC       MSP",,"655.34","35450.66"
"2025-03-24","PAYPAL           MSP","32.08",,"35418.58"
"2025-03-25","NETFLIX.COM       _V","19.94",,"35398.64"
"2025-03-25","RP133 TFR-TO C/C","5230.28",,"30168.36"
"2025-03-26","SSV TO:  80746337033","0.5",,"30167.86"
"2025-03-31","Amazon.ca Prime   _V","10.49",,"30157.37"
"2025-03-31","PTS TO:  80746337033","10",,"30147.37"
"2025-03-31","MONTHLY ACCOUNT FEE","16.95",,"30130.42"
"2025-03-31","ACCT BAL REBATE",,"16.95","30147.37"
"2025-04-01","SSV TO:  80746337033","0.5",,"30146.87"
"2025-04-01","PAYPAL           MSP","10.49",,"30136.38"
"2025-04-01","PAYPAL           MSP","13.64",,"30122.74"
"2025-04-03","PTS TO:  80746337033","50",,"30072.74"
"2025-04-03","AMZN Mktp CA      _V","41.99",,"30030.75"
"2025-04-04","SSV TO:  80746337033","0.5",,"30030.25"
"2025-04-04","SEND E-TFR ***pUd","680",,"29350.25"
"2025-04-04","PAYPAL           MSP","10.08",,"29340.17"
"2025-04-07","FREEDOM MOBILE    _V","88.15",,"29252.02"
"2025-04-07","PAYPAL           MSP","424.9",,"28827.12"
"2025-04-08","SSV TO:  80746337033","0.5",,"28826.62"
"2025-04-08","Veem Payment     MSP",,"8271.55","37098.17"
"2025-04-08","PAYPAL           MSP","13.64",,"37084.53"
"2025-04-08","PAYPAL           MSP","60.34",,"37024.19"
"2025-04-08","PAYPAL           MSP","82.94",,"36941.25"
"2025-04-11","AMZN Mktp CA      _V","52.46",,"36888.79"
"2025-04-11","AMZN Mktp CA      _V","27.2",,"36861.59"
"2025-04-11","AMZN Mktp CA      _V","30.44",,"36831.15"
"2025-04-14","SSV TO:  80746337033","1.5",,"36829.65"
"2025-04-15","AMZN Mktp CA      _V","8.37",,"36821.28"
"2025-04-15","WL491 TFR-TO C/C","3413.32",,"33407.96"
"2025-04-16","SSV TO:  80746337033","0.5",,"33407.46"
"2025-04-16","PAYPAL           MSP","39.05",,"33368.41"
"2025-04-17","PTS TO:  80746337033","50",,"33318.41"
"2025-04-17","WPS-0417S86261",,"4002.81","37321.22"
"2025-04-17","AMZN Mktp CA      _V","15.23",,"37305.99"
"2025-04-17","PAYPAL           MSP","14.16",,"37291.83"
"2025-04-17","PAYPAL           MSP","27.38",,"37264.45"
"2025-04-21","SEND E-TFR ***9qg","200",,"37064.45"
"2025-04-21","AMZN Mktp CA      _V",,"27.2","37091.65"
"2025-04-21","SSV TO:  80746337033","0.5",,"37091.15"
"2025-04-22","Google LLC       MSP",,"708.19","37799.34"
"2025-04-22","PAYPAL           MSP","9.95",,"37789.39"
"2025-04-22","PAYPAL           MSP","47.24",,"37742.15"
"2025-04-22","PAYPAL           MSP","69.71",,"37672.44"
"2025-04-22","PAYPAL           MSP","70.86",,"37601.58"
"2025-04-23","AMZN Mktp CA      _V","11.01",,"37590.57"
"2025-04-24","SSV TO:  80746337033","0.5",,"37590.07"
"2025-04-25","Amazon.ca         _V","83.99",,"37506.08"
"2025-04-25","NETFLIX.COM       _V","19.94",,"37486.14"
"2025-04-25","PAYPAL           MSP","35.16",,"37450.98"
"2025-04-25","PAYPAL           MSP","36.21",,"37414.77"
"2025-04-28","SSV TO:  80746337033","1",,"37413.77"
"2025-04-28","PAYPAL           MSP","36.21",,"37377.56"
"2025-04-29","Amazon.ca Prime   _V","10.49",,"37367.07"
"2025-04-29","PAYPAL           MSP","6.29",,"37360.78"
"2025-04-30","PTS TO:  80746337033","10",,"37350.78"
"2025-04-30","SSV TO:  80746337033","0.5",,"37350.28"
"2025-04-30","PAYPAL           MSP","10.49",,"37339.79"
"2025-04-30","MONTHLY ACCOUNT FEE","16.95",,"37322.84"
"2025-04-30","ACCT BAL REBATE",,"16.95","37339.79"
"2025-05-01","PTS TO:  80746337033","50",,"37289.79"
"2025-05-01","PAYPAL           MSP","13.64",,"37276.15"
"2025-05-06","WU332 TFR-TO C/C","1259.35",,"36016.8"
"2025-05-06","PAYPAL           MSP","99.85",,"35916.95"
"2025-05-07","PAYPAL           MSP","60.34",,"35856.61"
"2025-05-07","PAYPAL           MSP","82.94",,"35773.67"
"2025-05-08","FREEDOM MOBILE    _V","88.15",,"35685.52"
"2025-05-08","PAYPAL           MSP","13.64",,"35671.88"
"2025-05-09","SSV TO:  80746337033","0.5",,"35671.38"
"2025-05-12","Amazon.ca         _V","115.88",,"35555.5"
"2025-05-13","SSV TO:  80746337033","0.5",,"35555"
"2025-05-13","AMZN Mktp CA      _V","23.51",,"35531.49"
"2025-05-13","PAYPAL           MSP","32.01",,"35499.48"
"2025-05-13","PAYPAL           MSP","61.94",,"35437.54"
"2025-05-14","SEND E-TFR ***tXH","150",,"35287.54"
"2025-05-14","SSV TO:  80746337033","0.5",,"35287.04"
"2025-05-15","SEND E-TFR ***dqx","1150",,"34137.04"
"2025-05-15","PTS TO:  80746337033","50",,"34087.04"
"2025-05-15","AMZN Mktp CA      _V","83.99",,"34003.05"
"2025-05-15","PAYPAL           MSP","32.01",,"33971.04"
"2025-05-16","SSV TO:  80746337033","0.5",,"33970.54"
"2025-05-16","PAYPAL           MSP","39.26",,"33931.28"
"2025-05-20","PAYPAL           MSP","14.16",,"33917.12"
"2025-05-20","PAYPAL           MSP","21.51",,"33895.61"
"2025-05-20","PAYPAL           MSP","30.63",,"33864.98"
"2025-05-21","AMZN Mktp CA      _V","24.56",,"33840.42"
"2025-05-21","PAYPAL           MSP","9.95",,"33830.47"
"2025-05-21","PAYPAL           MSP","13.64",,"33816.83"
"2025-05-22","Google LLC       MSP",,"694.19","34511.02"
"2025-05-22","SSV TO:  80746337033","0.5",,"34510.52"
"2025-05-26","NETFLIX.COM       _V","19.94",,"34490.58"
"2025-05-27","SSV TO:  80746337033","0.5",,"34490.08"
"2025-05-28","RADIANCE SYNERG  MSP",,"5490.2","39980.28"
"2025-05-29","Amazon.ca Prime   _V","10.49",,"39969.79"
"2025-05-29","PTS TO:  80746337033","50",,"39919.79"
"2025-05-29","PAYPAL           MSP","6.29",,"39913.5"
"2025-05-29","PAYPAL           MSP","46.27",,"39867.23"
"2025-05-30","PTS TO:  80746337033","10",,"39857.23"
"2025-05-30","SSV TO:  80746337033","0.5",,"39856.73"
"2025-05-30","PAYPAL           MSP","10.49",,"39846.24"
"2025-05-30","MONTHLY ACCOUNT FEE","16.95",,"39829.29"
"2025-05-30","ACCT BAL REBATE",,"16.95","39846.24"
"2025-06-02","PAYPAL           MSP","13.64",,"39832.6"
"2025-06-03","PAYPAL           MSP","44.61",,"39787.99"
"2025-06-03","PAYPAL           MSP","81.36",,"39706.63"
"2025-06-04","CANON USA        MSP",,"1683.85","41390.48"
"2025-06-04","HZ550 TFR-TO C/C","5015.02",,"36375.46"
"2025-06-06","PAYPAL           MSP","34.1",,"36341.36"
"2025-06-06","PAYPAL           MSP","49.86",,"36291.5"
"2025-06-09","FREEDOM MOBILE    _V","88.15",,"36203.35"
"2025-06-09","E-TRANSFER ***BQ8",,"3698.43","39901.78"
"2025-06-09","PAYPAL           MSP","82.94",,"39818.84"
"2025-06-10","SSV TO:  80746337033","0.5",,"39818.34"
"2025-06-10","PAYPAL           MSP","13.64",,"39804.7"
"2025-06-11","Amazon.ca         _V","52.49",,"39752.21"
"2025-06-11","Amazon.ca         _V","16.07",,"39736.14"
"2025-06-12","PTS TO:  80746337033","50",,"39686.14"
"2025-06-12","SSV TO:  80746337033","1",,"39685.14"
"2025-06-12","PAYPAL           MSP","33.58",,"39651.56"
"2025-06-16","AMZN Mktp CA      _V","714",,"38937.56"
"2025-06-16","PAYPAL           MSP","23.02",,"38914.54"
"2025-06-17","SSV TO:  80746337033","0.5",,"38914.04"
"2025-06-17","AMZN Mktp CA      _V","115.49",,"38798.55"
"2025-06-17","PAYPAL           MSP","14.16",,"38784.39"
"2025-06-17","PAYPAL           MSP","29.86",,"38754.53"
"2025-06-18","SSV TO:  80746337033","0.5",,"38754.03"
"2025-06-20","FUTERSCO INC.    AP",,"2500","41254.03"
"2025-06-23","SEND E-TFR ***WzM","100",,"41154.03"
"2025-06-23","AMZN Mktp CA      _V","12.59",,"41141.44"
"2025-06-23","Amazon.ca         _V","38.49",,"41102.95"
"2025-06-23","Google LLC       MSP",,"651.5","41754.45"
"2025-06-23","STRIPE           MSP",,"4.36","41758.81"
"2025-06-23","RADIANCE SYNERG  MSP",,"10302","52060.81"
"2025-06-23","PAYPAL           MSP","2.61",,"52058.2"
"2025-06-23","PAYPAL           MSP","13.64",,"52044.56"
"2025-06-24","SSV TO:  80746337033","1",,"52043.56"
"2025-06-24","PAYPAL           MSP",,"44.61","52088.17"
"2025-06-25","NETFLIX.COM       _V","19.94",,"52068.23"
"2025-06-26","PTS TO:  80746337033","50",,"52018.23"
"2025-06-26","SSV TO:  80746337033","0.5",,"52017.73"
"2025-06-26","PAYPAL           MSP","54.96",,"51962.77"
"2025-06-26","PAYPAL           MSP","73",,"51889.77"
"2025-06-30","AMZN Mktp CA      _V","57.74",,"51832.03"
"2025-06-30","AMZN Mktp CA      _V","13.99",,"51818.04"
"2025-06-30","AMZN Mktp CA      _V","47.24",,"51770.8"
"2025-06-30","Amazon.ca Prime   _V","10.49",,"51760.31"
"2025-06-30","AMZN Mktp CA      _V","36.74",,"51723.57"
"2025-06-30","SEND E-TFR ***J4U","150",,"51573.57"
"2025-06-30","PTS TO:  80746337033","10",,"51563.57"
"2025-06-30","MONTHLY ACCOUNT FEE","16.95",,"51546.62"
"2025-06-30","ACCT BAL REBATE",,"16.95","51563.57"
"2025-07-02","SSV TO:  80746337033","2.5",,"51561.07"
"2025-07-02","A&W CALGARY AIR","30.7",,"51530.37"
"2025-07-02","PAYPAL           MSP","6.29",,"51524.08"
"2025-07-02","PAYPAL           MSP","10.49",,"51513.59"
"2025-07-02","PAYPAL           MSP","13.64",,"51499.95"
"2025-07-03","SSV TO:  80746337033","0.5",,"51499.45"
"2025-07-07","PAYPAL           MSP","14.16",,"51485.29"
"2025-07-08","PAYPAL           MSP","13.64",,"51471.65"
"2025-07-08","PAYPAL           MSP","46.18",,"51425.47"
"2025-07-08","PAYPAL           MSP","82.94",,"51342.53"
"2025-07-10","PTS TO:  80746337033","50",,"51292.53"
"2025-07-14","UN321 TFR-TO C/C","3062.01",,"48230.52"
"2025-07-16","WPS-0716S23155",,"6614.77","54845.29"
"2025-07-17","PAYPAL           MSP","14.16",,"54831.13"
"2025-07-17","PAYPAL           MSP","15.03",,"54816.1"
"2025-07-22","Google LLC       MSP",,"786.52","55602.62"
"2025-07-22","WPS-0722S58719",,"6571.42","62174.04"
"2025-07-22","PAYPAL           MSP","9.95",,"62164.09"
"2025-07-22","PAYPAL           MSP","13.64",,"62150.45"
"2025-07-23","HTL MAAT E  227.20_V","376.58",,"61773.87"
"2025-07-23","FX ATM W/D        _V","165.76",,"61608.11"
"2025-07-23","PAYPAL           MSP","135.95",,"61472.16"
"2025-07-23","FX ATM W/D FEE","5",,"61467.16"
"2025-07-24","PTS TO:  80746337033","50",,"61417.16"
"2025-07-24","SSV TO:  80746337033","1",,"61416.16"
"2025-07-25","NETFLIX.COM       _V","19.94",,"61396.22"
"2025-07-28","NON-TD ATM W/D","43.25",,"61352.97"
"2025-07-28","TD ATM W/D    002423","550",,"60802.97"
"2025-07-28","SSV TO:  80746337033","0.5",,"60802.47"
"2025-07-28","PAYPAL           MSP","61.58",,"60740.89"
"2025-07-29","Amazon.ca Prime   _V","10.49",,"60730.4"
"2025-07-29","SSV TO:  80746337033","1",,"60729.4"
"2025-07-30","SSV TO:  80746337033","0.5",,"60728.9"
"2025-07-31","PTS TO:  80746337033","10",,"60718.9"
"2025-07-31","MONTHLY ACCOUNT FEE","17.95",,"60700.95"
"2025-07-31","ACCT BAL REBATE",,"17.95","60718.9"
"2025-08-01","AMZN Mktp CA      _V","17.33",,"60701.57"
"2025-08-01","PAYPAL           MSP","28.86",,"60672.71"
"2025-08-05","Amazon.ca         _V","9.97",,"60662.74"
"2025-08-05","SSV TO:  80746337033","0.5",,"60662.24"
"2025-08-05","PAYPAL           MSP","26.52",,"60635.72"
"2025-08-06","SSV TO:  80746337033","0.5",,"60635.22"
"2025-08-06","PAYPAL           MSP","25.71",,"60609.51"
"2025-08-06","PAYPAL           MSP","53.01",,"60556.5"
"2025-08-07","PTS TO:  80746337033","50",,"60506.5"
"2025-08-07","PAYPAL           MSP","46.18",,"60460.32"
"2025-08-07","PAYPAL           MSP","82.94",,"60377.38"
"2025-08-11","AMZN Mktp CA      _V","114.4",,"60262.98"
"2025-08-12","SSV TO:  80746337033","0.5",,"60262.48"
"2025-08-12","PAYPAL           MSP","27.78",,"60234.7"
"2025-08-12","PAYPAL           MSP","28.21",,"60206.49"
"2025-08-13","HO472 TFR-TO C/C","2195.73",,"58010.76"
"2025-08-13","PAYPAL           MSP","24.3",,"57986.46"
"2025-08-14","AMZN Mktp CA      _V","27.29",,"57959.17"
"2025-08-15","SSV TO:  80746337033","0.5",,"57958.67"
"2025-08-18","SEND E-TFR ***8cF","300",,"57658.67"
"2025-08-18","Amazon.ca         _V","24.25",,"57634.42"
"2025-08-18","Amazon.ca         _V","29.93",,"57604.49"
"2025-08-19","STRIPE           MSP",,"4.36","57608.85"
"2025-08-19","SSV TO:  80746337033","1",,"57607.85"
"2025-08-19","Amazon.ca         _V","27.55",,"57580.3"
"2025-08-19","PAYPAL           MSP","14.16",,"57566.14"
"2025-08-19","PAYPAL           MSP","20.57",,"57545.57"
"2025-08-20","SSV TO:  80746337033","0.5",,"57545.07"
"2025-08-21","PTS TO:  80746337033","50",,"57495.07"
"2025-08-21","PAYPAL           MSP","9.95",,"57485.12"
"2025-08-21","PAYPAL           MSP","12.99",,"57472.13"
"2025-08-22","Google LLC       MSP",,"578.65","58050.78"
"2025-08-22","SEND E-TFR ***YP7","70",,"57980.78"
"2025-08-25","SEND E-TFR ***dUX","70",,"57910.78"
"2025-08-25","NETFLIX.COM       _V","19.94",,"57890.84"
"2025-08-26","SSV TO:  80746337033","0.5",,"57890.34"
"2025-08-27","SEND E-TFR ***TAG","100",,"57790.34"
"2025-08-28","SEND E-TFR ***6Cd","2000",,"55790.34"
"2025-08-29","Amazon.ca Prime   _V","10.49",,"55779.85"
"2025-08-29","PTS TO:  80746337033","10",,"55769.85"
"2025-08-29","MONTHLY ACCOUNT FEE","17.95",,"55751.9"
"2025-08-29","ACCT BAL REBATE",,"17.95","55769.85"
"2025-09-02","SEND E-TFR ***n7H","541",,"55228.85"
"2025-09-02","AMZN Mktp CA      _V","47.76",,"55181.09"
"2025-09-02","SSV TO:  80746337033","0.5",,"55180.59"
"2025-09-03","AMZN Mktp CA      _V","17.1",,"55163.49"
"2025-09-03","SSV TO:  80746337033","0.5",,"55162.99"
"2025-09-03","SEND E-TFR ***SQH","3000",,"52162.99"
"2025-09-04","PTS TO:  80746337033","50",,"52112.99"
"2025-09-04","SSV TO:  80746337033","0.5",,"52112.49"
"2025-09-08","HW-FastSpring P  CMS",,"1066.12","53178.61"
"2025-09-08","PAYPAL           MSP","154.27",,"53024.34"
"2025-09-09","WI175 TFR-TO C/C","749.33",,"52275.01"
"2025-09-09","PAYPAL           MSP","13.64",,"52261.37"
"2025-09-09","PAYPAL           MSP","82.94",,"52178.43"
"2025-09-15","Amazon.ca         _V","7.32",,"52171.11"
"2025-09-15","AMZN Mktp CA      _V","29.39",,"52141.72"
"2025-09-15","AMZN Mktp CA      _V","38.82",,"52102.9"
"2025-09-16","SSV TO:  80746337033","1.5",,"52101.4"
"2025-09-16","PAYPAL           MSP","17.67",,"52083.73"
"2025-09-17","PAYPAL           MSP","14.16",,"52069.57"
"2025-09-17","PAYPAL           MSP","18.99",,"52050.58"
"2025-09-18","PTS TO:  80746337033","50",,"52000.58"
"2025-09-18","PAYPAL           MSP","63.88",,"51936.7"
"2025-09-19","PAYPAL           MSP","141.72",,"51794.98"
"2025-09-22","AMZN Mktp CA      _V","49.34",,"51745.64"
"2025-09-22","RECLAIM E-TFR ***YP7",,"70","51815.64"
"2025-09-22","Google LLC       MSP",,"476.03","52291.67"
"2025-09-23","SSV TO:  80746337033","0.5",,"52291.17"
"2025-09-23","PAYPAL           MSP","9.95",,"52281.22"
"2025-09-23","PAYPAL           MSP","13.64",,"52267.58"
"2025-09-23","PAYPAL           MSP","49.32",,"52218.26"
"2025-09-24","PAYPAL           MSP","14.89",,"52203.37"
"2025-09-25","AMZN Mktp CA      _V","126.67",,"52076.7"
"2025-09-25","AMZN Mktp CA      _V","4.73",,"52071.97"
"2025-09-25","NETFLIX.COM       _V","19.94",,"52052.03"
"2025-09-26","SSV TO:  80746337033","1.5",,"52050.53"
"2025-09-29","Amazon.ca Prime   _V","10.49",,"52040.04"
"2025-09-29","PTS TO:  80746337033","10",,"52030.04"
"2025-09-29","PAYPAL           MSP",,"68.24","52098.28"
"2025-09-29","MONTHLY ACCOUNT FEE","17.95",,"52080.33"
"2025-09-29","ACCT BAL REBATE",,"17.95","52098.28"
"2025-10-01","SSV TO:  80746337033","0.5",,"52097.78"
"2025-10-01","AWIN INC.        MSP",,"55.22","52153"
"2025-10-01","PAYPAL           MSP","6.29",,"52146.71"
"2025-10-01","PAYPAL           MSP","10.49",,"52136.22"
"2025-10-01","PAYPAL           MSP","13.64",,"52122.58"
"2025-10-02","PTS TO:  80746337033","50",,"52072.58"
"2025-10-02","PAYPAL           MSP","30.12",,"52042.46"
"2025-10-03","PAYPAL           MSP","23.61",,"52018.85"
"2025-10-03","PAYPAL           MSP","28.86",,"51989.99"
"2025-10-03","PAYPAL           MSP","45.66",,"51944.33"
"2025-10-06","SEND E-TFR ***JTM","3000",,"48944.33"
"2025-10-07","Amazon.ca         _V","33.1",,"48911.23"
"2025-10-07","PAYPAL           MSP","49.32",,"48861.91"
"2025-10-07","PAYPAL           MSP","82.94",,"48778.97"
"2025-10-08","SSV TO:  80746337033","0.5",,"48778.47"
"2025-10-08","PAYPAL           MSP","15.74",,"48762.73"
"2025-10-16","PTS TO:  80746337033","50",,"48712.73"
"2025-10-16","PAYPAL           MSP","21.1",,"48691.63"
"2025-10-17","PAYPAL           MSP","14.16",,"48677.47"
"2025-10-17","PAYPAL           MSP","30.75",,"48646.72"
"2025-10-17","PAYPAL           MSP","161.2",,"48485.52"
"2025-10-20","PAYPAL           MSP","359.57",,"48125.95"
"2025-10-21","PAYPAL           MSP","9.95",,"48116"
"2025-10-21","PAYPAL           MSP","13.64",,"48102.36"
"2025-10-21","PAYPAL           MSP","33.79",,"48068.57"
"2025-10-21","PAYPAL           MSP","56.79",,"48011.78"
"2025-10-21","PAYPAL           MSP","270.76",,"47741.02"
"2025-10-21","PAYPAL           MSP","331.29",,"47409.73"
"2025-10-21","PAYPAL           MSP","425.09",,"46984.64"
"2025-10-21","PAYPAL           MSP","735.8",,"46248.84"
"2025-10-22","Google LLC       MSP",,"596.58","46845.42"
"2025-10-27","NETFLIX.COM       _V","19.94",,"46825.48"
"2025-10-27","AMZN Mktp CA      _V","35.69",,"46789.79"
"2025-10-27","AMZN Mktp CA      _V","62.99",,"46726.8"
"2025-10-27","AMZN Mktp CA      _V","35.48",,"46691.32"
"2025-10-28","SSV TO:  80746337033","2",,"46689.32"
"2025-10-28","PAYPAL           MSP","24.99",,"46664.33"
"2025-10-29","Amazon.ca Prime   _V","10.49",,"46653.84"
"2025-10-29","PAYPAL           MSP","6.29",,"46647.55"
"2025-10-30","AMZN Mktp CA      _V","17.84",,"46629.71"
"2025-10-30","PTS TO:  80746337033","50",,"46579.71"
"2025-10-30","SSV TO:  80746337033","0.5",,"46579.21"
"2025-10-30","PAYPAL           MSP","10.49",,"46568.72"
"2025-10-30","PAYPAL           MSP","34.2",,"46534.52"
"2025-10-31","PTS TO:  80746337033","10",,"46524.52"
"2025-10-31","SSV TO:  80746337033","0.5",,"46524.02"
"2025-10-31","PAYPAL           MSP","13.64",,"46510.38"
"2025-10-31","MONTHLY ACCOUNT FEE","17.95",,"46492.43"
"2025-10-31","ACCT BAL REBATE",,"17.95","46510.38"
"2025-11-03","E-TRANSFER ***HPB",,"30","46540.38"
"2025-11-03","UY513 TFR-TO C/C","2024.21",,"44516.17"
"2025-11-04","PAYPAL           MSP","10",,"44506.17"
"2025-11-04","PAYPAL           MSP","21.25",,"44484.92"
"2025-11-04","PAYPAL           MSP","22.36",,"44462.56"
"2025-11-04","PAYPAL           MSP","63.47",,"44399.09"
"2025-11-07","Gopay-Go 190800.00_V","16.74",,"44382.35"
"2025-11-07","Gopay-Goj 30000.00_V","2.63",,"44379.72"
"2025-11-07","PAYPAL           MSP","49.32",,"44330.4"
"2025-11-07","PAYPAL           MSP","82.94",,"44247.46"
"2025-11-10","GOJEK REC 63000.00_V","5.52",,"44241.94"
"2025-11-10","Gopay-Goj 77000.00_V","6.75",,"44235.19"
"2025-11-10","Gopay-Go 183700.00_V","16.09",,"44219.1"
"2025-11-10","Gopay-Go 160700.00_V","14.08",,"44205.02"
"2025-11-10","Gopay-Goj 20000.00_V","1.75",,"44203.27"
"2025-11-10","Gopay-Goj 20000.00_V","1.75",,"44201.52"
"2025-11-10","Gopay-Go 580200.00_V","50.84",,"44150.68"
"2025-11-10","GOJEK REC 25000.00_V","2.19",,"44148.49"
"2025-11-10","GOJEK RE 168500.00_V","14.77",,"44133.72"
"2025-11-10","Gopay-Goj 25000.00_V","2.19",,"44131.53"
"2025-11-10","SSV TO:  80746337033","1",,"44130.53"
"2025-11-10","PAYPAL           MSP","15.74",,"44114.79"
"2025-11-12","Gopay-Go 182800.00_V","15.92",,"44098.87"
"2025-11-12","Gopay-Goj 25000.00_V","2.17",,"44096.7"
"2025-11-12","SSV TO:  80746337033","5",,"44091.7"
"2025-11-12","Gopay-Goj 23500.00_V","2.04",,"44089.66"
"2025-11-12","PAYPAL           MSP","303.3",,"43786.36"
"2025-11-13","Gopay-Go 302000.00_V","26.25",,"43760.11"
"2025-11-13","PTS TO:  80746337033","50",,"43710.11"
"2025-11-13","SSV TO:  80746337033","1.5",,"43708.61"
"2025-11-14","GoPayID  304700.00_V","26.5",,"43682.11"
"2025-11-14","SSV TO:  80746337033","0.5",,"43681.61"
"2025-11-17","GOJEK RE 324000.00_V","28.21",,"43653.4"
"2025-11-17","SSV TO:  80746337033","0.5",,"43652.9"
"2025-11-18","SSV TO:  80746337033","0.5",,"43652.4"
"2025-11-18","PAYPAL           MSP","14.16",,"43638.24"
"2025-11-18","PAYPAL           MSP","30.72",,"43607.52"
"2025-11-18","PAYPAL           MSP","48.86",,"43558.66"
"2025-11-19","GoPayID  123000.00_V","10.69",,"43547.97"
"2025-11-19","GoPayID   20000.00_V","1.74",,"43546.23"
"2025-11-19","GoPayID   28000.00_V","2.43",,"43543.8"
"2025-11-19","GoPayID   23000.00_V","2",,"43541.8"
"2025-11-19","PAYPAL           MSP","54.27",,"43487.53"
"2025-11-20","GoPayID   28000.00_V","2.44",,"43485.09"
"2025-11-20","GoPayID   20000.00_V","1.74",,"43483.35"
"2025-11-20","GoPayID  130500.00_V","11.36",,"43471.99"
"2025-11-20","SSV TO:  80746337033","2",,"43469.99"
"2025-11-21","SSV TO:  80746337033","1.5",,"43468.49"
"2025-11-24","AMZN Mktp CA      _V","22.95",,"43445.54"
"2025-11-24","Google LLC       MSP",,"614.56","44060.1"
"2025-11-24","AMZN Mktp CA      _V","50.39",,"44009.71"
"2025-11-25","SSV TO:  80746337033","1",,"44008.71"
"2025-11-25","NETFLIX.COM       _V","19.94",,"43988.77"
"2025-11-26","SSV TO:  80746337033","0.5",,"43988.27"
"2025-11-27","PTS TO:  80746337033","50",,"43938.27"
"2025-11-28","PTS TO:  80746337033","10",,"43928.27"
"2025-11-28","AMZN Mktp CA      _V","11.22",,"43917.05"
"2025-11-28","MONTHLY ACCOUNT FEE","17.95",,"43899.1"
"2025-11-28","ACCT BAL REBATE",,"17.95","43917.05"
"2025-12-01","Amazon.ca Prime   _V","10.49",,"43906.56"
"2025-12-01","SEND E-TFR ***JwD","1060",,"42846.56"
"2025-12-01","SSV TO:  80746337033","0.5",,"42846.06"
"2025-12-02","SSV TO:  80746337033","0.5",,"42845.56"
"2025-12-02","PAYPAL           MSP","26.07",,"42819.49"
"2025-12-02","PAYPAL           MSP","139.64",,"42679.85"
"2025-12-04","STRIPE           MSP",,"4.36","42684.21"
"2025-12-05","PAYPAL           MSP","18.47",,"42665.74"
"2025-12-05","PAYPAL           MSP","356.99",,"42308.75"
